Job ID,Job URL,Job Title,Status,Timestamp,Location,Page
59bca699ca46a74e,https://co.computrabajo.com/ofertas-de-trabajo/oferta-de-trabajo-de-docentes-de-ciencias-sociales-bilingue-b2-colsubsidio-bogota-en-bogota-dc-5726EBAD9923EB9B61373E686DCF3405,Docentes de Ciencias Sociales Bilingüe B2 Colsubsidio - Bogotá,posted|wp_id=39922|https://colombia.mimusjobs.com/job/docentes-de-ciencias-sociales-bilingue-b2-colsubsidio-bogota/,2026-09-27T14:30:18.699565,https://co.computrabajo.com/empleos-en-bogota-dc,1
1b15bf626b87a721,https://co.computrabajo.com/ofertas-de-trabajo/oferta-de-trabajo-de-pasteleropastillaje-fines-de-semana-se-trabaja-de-jueves-a-domingo-en-bogota-dc-C6308969826BCF8861373E686DCF3405,PasteleroPastillaje Fines de Semana - se trabaja de jueves a domingo,posted|wp_id=39924|https://colombia.mimusjobs.com/job/pasteleropastillaje-fines-de-semana-se-trabaja-de-jueves-a-domingo/,2026-09-27T14:30:23.366548,https://co.computrabajo.com/empleos-en-bogota-dc,1
1547be57e474889f,https://co.computrabajo.com/ofertas-de-trabajo/oferta-de-trabajo-de-docentes-de-quimica-colegios-colsubsidio-bogota-en-bogota-dc-F7A5BB3F6BF792C961373E686DCF3405,Docentes de Química Colegios Colsubsidio - Bogotá,posted|wp_id=39927|https://colombia.mimusjobs.com/job/docentes-de-quimica-colegios-colsubsidio-bogota/,2026-09-27T14:30:31.316200,https://co.computrabajo.com/empleos-en-bogota-dc,1
3207ee90a6f40e9b,https://co.computrabajo.com/ofertas-de-trabajo/oferta-de-trabajo-de-docentes-de-fisica-colegios-colsubsidio-bogota-en-bogota-dc-847A7D72A47F816361373E686DCF3405,Docentes de Física Colegios Colsubsidio - Bogotá,posted|wp_id=39929|https://colombia.mimusjobs.com/job/docentes-de-fisica-colegios-colsubsidio-bogota/,2026-09-27T14:30:36.922902,https://co.computrabajo.com/empleos-en-bogota-dc,1
58ed24fdc9de621d,https://co.computrabajo.com/ofertas-de-trabajo/oferta-de-trabajo-de-recepcionista-bilingue-bogota-en-bogota-dc-33873A993A5CB70D61373E686DCF3405,Recepcionista Bilingüe - Bogotá,posted|wp_id=39934|https://colombia.mimusjobs.com/job/recepcionista-bilingue-bogota-4/,2026-09-27T14:30:45.096130,https://co.computrabajo.com/empleos-en-bogota-dc,1
410bedab0b9f94f3,https://co.computrabajo.com/ofertas-de-trabajo/oferta-de-trabajo-de-docentes-de-matematicas-colegios-colsubsidio-bogota-en-bogota-dc-6D3C4013F6F05EBB61373E686DCF3405,Docentes de Matemáticas Colegios Colsubsidio - Bogotá,posted|wp_id=39937|https://colombia.mimusjobs.com/job/docentes-de-matematicas-colegios-colsubsidio-bogota/,2026-09-27T14:30:51.785789,https://co.computrabajo.com/empleos-en-bogota-dc,1
c7f208e94bdbe4ce,https://co.computrabajo.com/ofertas-de-trabajo/oferta-de-trabajo-de-docentes-de-lenguaje-colegios-colsubsidio-bogota-en-bogota-dc-F1E70E150B7BB2AF61373E686DCF3405,Docentes de Lenguaje Colegios Colsubsidio - Bogotá,posted|wp_id=39941|https://colombia.mimusjobs.com/job/docentes-de-lenguaje-colegios-colsubsidio-bogota/,2026-09-27T14:30:57.821262,https://co.computrabajo.com/empleos-en-bogota-dc,1
5981c6a8cf1cde48,https://co.computrabajo.com/ofertas-de-trabajo/oferta-de-trabajo-de-docentes-de-educacion-fisica-bilingue-b2-colsubsidio-bogota-en-bogota-dc-BB8F5395E9A0644961373E686DCF3405,Docentes de Educación Física Bilingüe B2 Colsubsidio - Bogotá,posted|wp_id=39943|https://colombia.mimusjobs.com/job/docentes-de-educacion-fisica-bilingue-b2-colsubsidio-bogota/,2026-09-27T14:31:05.361598,https://co.computrabajo.com/empleos-en-bogota-dc,1
d4546683dd3c1f8f,https://co.computrabajo.com/ofertas-de-trabajo/oferta-de-trabajo-de-docentes-de-ingles-bilingue-b2-colsubsidio-bogota-en-bogota-dc-1418BC6435FC610861373E686DCF3405,Docentes de Ingles Bilingüe B2 Colsubsidio - Bogotá,posted|wp_id=39946|https://colombia.mimusjobs.com/job/docentes-de-ingles-bilingue-b2-colsubsidio-bogota/,2026-09-27T14:31:13.860414,https://co.computrabajo.com/empleos-en-bogota-dc,1
cca63b728be3f5cc,https://co.computrabajo.com/ofertas-de-trabajo/oferta-de-trabajo-de-docentes-de-sociales-colegios-colsubsidio-bogota-en-bogota-dc-40E8A469D706FA0F61373E686DCF3405,Docentes de Sociales Colegios Colsubsidio - Bogotá,posted|wp_id=39950|https://colombia.mimusjobs.com/job/docentes-de-sociales-colegios-colsubsidio-bogota/,2026-09-27T14:31:22.640490,https://co.computrabajo.com/empleos-en-bogota-dc,1
4f9a3adae8459c9f,https://co.computrabajo.com/ofertas-de-trabajo/oferta-de-trabajo-de-escuela-de-vendedores-conductor-preventista-venta-tienda-a-tienda-autoventa-licencia-c1-y-c2-en-bogota-dc-9F79F75D2B10575661373E686DCF3405,Escuela de vendedores conductor / Preventista / Venta Tienda a Tienda / Autoventa - Licencia C1 y C2,posted|wp_id=39953|https://colombia.mimusjobs.com/job/escuela-de-vendedores-conductor-preventista-venta-tienda-a-tienda-autoventa-licencia-c1-y-c2-2/,2026-09-27T14:31:27.918106,https://co.computrabajo.com/empleos-en-bogota-dc,1
3d68657e249e80f6,https://co.computrabajo.com/ofertas-de-trabajo/oferta-de-trabajo-de-director-comercial-o-gerente-comercial-proyecto-2-meses-solo-4-horas-ala-semana-en-bogota-dc-95BE23F11F46BBAC61373E686DCF3405,Director comercial o gerente comercial - Proyecto 2 meses solo 4 horas ala semana,posted|wp_id=39955|https://colombia.mimusjobs.com/job/director-comercial-o-gerente-comercial-proyecto-2-meses-solo-4-horas-ala-semana/,2026-09-27T14:31:33.413445,https://co.computrabajo.com/empleos-en-bogota-dc,1
ae8d725f6e4a5749,https://co.computrabajo.com/ofertas-de-trabajo/oferta-de-trabajo-de-asesor-comercial-con-o-sin-experiencia-en-bogota-dc-A36162A19173A8D061373E686DCF3405,Asesor comercial - Con o sin experiencia,posted|wp_id=10922|https://colombia.mimusjobs.com/job/asesor-comercial-con-o-sin-experiencia/,2026-09-27T14:31:37.183796,https://co.computrabajo.com/empleos-en-bogota-dc,1
3df55fd1f2544afa,https://co.computrabajo.com/ofertas-de-trabajo/oferta-de-trabajo-de-auxiliar-administrativo-contratacion-inmediata-en-bogota-dc-F6487B7681A1B9E261373E686DCF3405,Auxiliar administrativo - Contratacion inmediata,posted|wp_id=39960|https://colombia.mimusjobs.com/job/auxiliar-administrativo-contratacion-inmediata/,2026-09-27T14:31:49.732242,https://co.computrabajo.com/empleos-en-bogota-dc,1
e7cade9355309479,https://co.computrabajo.com/ofertas-de-trabajo/oferta-de-trabajo-de-conductor-de-camion-sencillo-contratacion-inmediata-en-bogota-dc-8FBFEF4DDC7CCD6261373E686DCF3405,Conductor de camión sencillo / Contratación inmediata,posted|wp_id=39965|https://colombia.mimusjobs.com/job/conductor-de-camion-sencillo-contratacion-inmediata-2/,2026-09-27T14:32:02.255912,https://co.computrabajo.com/empleos-en-bogota-dc,1
7ffe3b4fddddd613,https://co.computrabajo.com/ofertas-de-trabajo/oferta-de-trabajo-de-formadora-contact-center-sector-salud-y-arl-en-bogota-dc-E6E67D7413B1938E61373E686DCF3405,Formador(a) - Contact Center Sector Salud y ARL,posted|wp_id=39968|https://colombia.mimusjobs.com/job/formadora-contact-center-sector-salud-y-arl-2/,2026-09-27T14:32:08.658217,https://co.computrabajo.com/empleos-en-bogota-dc,1
5359c5557184e8d8,https://co.computrabajo.com/ofertas-de-trabajo/oferta-de-trabajo-de-profesional-en-contaduria-manejo-programa-odoo-en-bogota-dc-6A665B0213B8500E61373E686DCF3405,Profesional en Contaduría (Manejo programa Odoo),posted|wp_id=39970|https://colombia.mimusjobs.com/job/profesional-en-contaduria-manejo-programa-odoo-2/,2026-09-27T14:32:12.651910,https://co.computrabajo.com/empleos-en-bogota-dc,1
f65062120febdb06,https://co.computrabajo.com/ofertas-de-trabajo/oferta-de-trabajo-de-oficial-de-obra-en-bogota-dc-774CFA4BF81E74F861373E686DCF3405,Oficial de Obra,posted|wp_id=2033|https://colombia.mimusjobs.com/job/oficial-de-obra/,2026-09-27T14:32:15.195680,https://co.computrabajo.com/empleos-en-bogota-dc,1
fae4fa6aab6885fc,https://co.computrabajo.com/ofertas-de-trabajo/oferta-de-trabajo-de-ayudante-de-distribuccion-y-recoleccion-ruta-bodega-experiencia-en-direcciones-y-mensajeria-en-bogota-dc-36C30D78B6C0C65A61373E686DCF3405,Ayudante de Distribucción y Recolección / Ruta / Bodega - Experiencia en direcciones y mensajeria,posted|wp_id=39977|https://colombia.mimusjobs.com/job/ayudante-de-distribuccion-y-recoleccion-ruta-bodega-experiencia-en-direcciones-y-mensajeria/,2026-09-27T14:32:26.660152,https://co.computrabajo.com/empleos-en-bogota-dc,1
394d347a371d8d63,https://co.computrabajo.com/ofertas-de-trabajo/oferta-de-trabajo-de-supervisor-de-cobranza-cartera-castigada-en-bogota-dc-53EEEFBC4372A67F61373E686DCF3405,Supervisor de Cobranza – Cartera Castigada,posted|wp_id=17154|https://colombia.mimusjobs.com/job/supervisor-de-cobranza-cartera-castigada/,2026-09-27T14:32:30.673356,https://co.computrabajo.com/empleos-en-bogota-dc,1
8657d8a57d43f045,https://co.computrabajo.com/ofertas-de-trabajo/oferta-de-trabajo-de-auxiliar-de-troqueladocontratacion-inmediata-bogota-en-bogota-dc-36637D1ECC93C4D861373E686DCF3405,Auxiliar de Troquelado/Contratación inmediata/ Bogotá,posted|wp_id=39981|https://colombia.mimusjobs.com/job/auxiliar-de-troquelado-contratacion-inmediata-bogota-2/,2026-09-27T14:32:36.644950,https://co.computrabajo.com/empleos-en-bogota-dc,2
9f11c12c04818a65,https://co.computrabajo.com/ofertas-de-trabajo/oferta-de-trabajo-de-ayudante-de-ejero-bogota-en-bogota-dc-7F7A13CD59015F2661373E686DCF3405,Ayudante de ejero - Bogota,posted|wp_id=17315|https://colombia.mimusjobs.com/job/ayudante-de-ejero-bogota/,2026-09-27T14:32:39.266611,https://co.computrabajo.com/empleos-en-bogota-dc,2
e69013e3388dd9a4,https://co.computrabajo.com/ofertas-de-trabajo/oferta-de-trabajo-de-ayudante-de-obra-en-bogota-dc-B507D80F90F8ADA661373E686DCF3405,ayudante de obra,posted|wp_id=2635|https://colombia.mimusjobs.com/job/ayudante-de-obra/,2026-09-27T14:32:42.266344,https://co.computrabajo.com/empleos-en-bogota-dc,2
b741f2d758ac7d14,https://co.computrabajo.com/ofertas-de-trabajo/oferta-de-trabajo-de-agente-de-retencioncall-center-bogota-en-bogota-dc-F625B5542C863BBB61373E686DCF3405,Agente de retención/call center - Bogotá,posted|wp_id=39987|https://colombia.mimusjobs.com/job/agente-de-retencion-call-center-bogota/,2026-09-27T14:32:49.351859,https://co.computrabajo.com/empleos-en-bogota-dc,2
eaf3798b8cb022c9,https://co.computrabajo.com/ofertas-de-trabajo/oferta-de-trabajo-de-practicantes-de-psicologia-o-trabajadora-social-candidatos-en-busqueda-de-realizar-su-practica-profesional-en-bogota-dc-D8FA7BF07B45A8D461373E686DCF3405,Practicantes de Psicologia o Trabajadora social - candidatos en búsqueda de realizar su practica profesional.,posted|wp_id=39988|https://colombia.mimusjobs.com/job/practicantes-de-psicologia-o-trabajadora-social-candidatos-en-busqueda-de-realizar-su-practica-profesional/,2026-09-27T14:32:54.644749,https://co.computrabajo.com/empleos-en-bogota-dc,2
d038631dbfede00e,https://co.computrabajo.com/ofertas-de-trabajo/oferta-de-trabajo-de-inspector-control-de-apoderamiento-en-bogota-dc-37F5D5A41C993ACF61373E686DCF3405,Inspector Control de Apoderamiento,posted|wp_id=17610|https://colombia.mimusjobs.com/job/inspector-control-de-apoderamiento/,2026-09-27T14:32:58.275610,https://co.computrabajo.com/empleos-en-bogota-dc,2
7c4ac8774dcfc2a6,https://co.computrabajo.com/ofertas-de-trabajo/oferta-de-trabajo-de-auxiliar-de-farmacia-en-bogota-dc-F8CBA98DBE94D2CA61373E686DCF3405,Auxiliar de Farmacia,posted|wp_id=1057|https://colombia.mimusjobs.com/job/auxiliar-de-farmacia/,2026-09-27T14:33:01.002279,https://co.computrabajo.com/empleos-en-bogota-dc,2
72214345497df1fc,https://co.computrabajo.com/ofertas-de-trabajo/oferta-de-trabajo-de-inspector-de-calidad-fontibon-en-bogota-dc-C6CAF942683714F761373E686DCF3405,Inspector de Calidad - Fontibón,posted|wp_id=39994|https://colombia.mimusjobs.com/job/inspector-de-calidad-fontibon-2/,2026-09-27T14:33:06.130320,https://co.computrabajo.com/empleos-en-bogota-dc,2
220b51ad3f76091b,https://co.computrabajo.com/ofertas-de-trabajo/oferta-de-trabajo-de-gerente-de-desarrollo-de-negocios-soluciones-logisticas-para-la-industria-minera-en-bogota-dc-2468A90B46D4A0D361373E686DCF3405,Gerente de Desarrollo de Negocios – Soluciones Logísticas para la Industria Minera,posted|wp_id=39996|https://colombia.mimusjobs.com/job/gerente-de-desarrollo-de-negocios-soluciones-logisticas-para-la-industria-minera/,2026-09-27T14:33:12.453909,https://co.computrabajo.com/empleos-en-bogota-dc,2
94f818d9f18d98dc,https://co.computrabajo.com/ofertas-de-trabajo/oferta-de-trabajo-de-auxiliar-de-enfermeria-arl-polizas-de-salud-en-bogota-dc-6977550E315AD13E61373E686DCF3405,Auxiliar de Enfermeria ARL - Polizas de Salud,posted|wp_id=17179|https://colombia.mimusjobs.com/job/auxiliar-de-enfermeria-arl-polizas-de-salud/,2026-09-27T14:33:15.649179,https://co.computrabajo.com/empleos-en-bogota-dc,2
1aad0925b0b9d76f,https://co.computrabajo.com/ofertas-de-trabajo/oferta-de-trabajo-de-buscamos-a-los-mejores-asesores-comerciales-en-seguros-o-financiera-posibilidad-trabajo-desde-casa-puedes-ganar-hasta-4000000-mensuales-premios-internos-en-bogota-dc-7F9F3781280C30FD61373E686DCF3405,Buscamos a los Mejores Asesores Comerciales en Seguros o Financiera / Posibilidad Trabajo desde Casa - Puedes Ganar hasta $4.000.000 mensuales + Premios Internos,posted|wp_id=40000|https://colombia.mimusjobs.com/job/buscamos-a-los-mejores-asesores-comerciales-en-seguros-o-financiera-posibilidad-trabajo-desde-casa-puedes-ganar-hasta-4-000-000-mensuales-premios-internos-2/,2026-09-27T14:33:21.378151,https://co.computrabajo.com/empleos-en-bogota-dc,2
26858f5336340d04,https://co.computrabajo.com/ofertas-de-trabajo/oferta-de-trabajo-de-tecnico-auxiliar-contable-con-experiencia-en-centro-comercial-no-profesionales-en-bogota-dc-B6E6A36B184ADDB661373E686DCF3405,Tecnico Auxiliar Contable con experiencia en Centro Comercial - No profesionales,posted|wp_id=16944|https://colombia.mimusjobs.com/job/tecnico-auxiliar-contable-con-experiencia-en-centro-comercial-no-profesionales/,2026-09-27T14:33:24.388407,https://co.computrabajo.com/empleos-en-bogota-dc,2
77ada55936231722,https://co.computrabajo.com/ofertas-de-trabajo/oferta-de-trabajo-de-asesor-comercial-microcredito-sur-de-bogota-en-bogota-dc-4E27FD84DDB068B961373E686DCF3405,Asesor Comercial Microcrédito (Sur de Bogotá),posted|wp_id=40005|https://colombia.mimusjobs.com/job/asesor-comercial-microcredito-sur-de-bogota-2/,2026-09-27T14:33:33.460659,https://co.computrabajo.com/empleos-en-bogota-dc,2
226c5a258456e88f,https://co.computrabajo.com/ofertas-de-trabajo/oferta-de-trabajo-de-asistente-de-facturacion-sector-hidrocarburos-e-industrial-en-bogota-dc-1C30FAB8B15CA81A61373E686DCF3405,Asistente de Facturación - Sector Hidrocarburos e Industrial,posted|wp_id=40007|https://colombia.mimusjobs.com/job/asistente-de-facturacion-sector-hidrocarburos-e-industrial-2/,2026-09-27T14:33:40.319762,https://co.computrabajo.com/empleos-en-bogota-dc,2
e80a6aeaf6b84856,https://co.computrabajo.com/ofertas-de-trabajo/oferta-de-trabajo-de-coordinador-administrativo-y-de-talento-humano-114010-en-bogota-dc-AD5A70BA8081B34F61373E686DCF3405,Coordinador administrativo y de talento humano 114010,posted|wp_id=40011|https://colombia.mimusjobs.com/job/coordinador-administrativo-y-de-talento-humano-114010/,2026-09-27T14:33:45.947832,https://co.computrabajo.com/empleos-en-bogota-dc,2
656c6d36ddb85164,https://co.computrabajo.com/ofertas-de-trabajo/oferta-de-trabajo-de-desarrollador-backend-java-asoapx-en-bogota-dc-44209199AD2F25BA61373E686DCF3405,Desarrollador Backend Java - ASO/APX,posted|wp_id=17347|https://colombia.mimusjobs.com/job/desarrollador-backend-java-aso-apx/,2026-09-27T14:33:49.124142,https://co.computrabajo.com/empleos-en-bogota-dc,2
41b2f7dc9c53c06c,https://co.computrabajo.com/ofertas-de-trabajo/oferta-de-trabajo-de-tecnico-obra-civil-bogota-en-bogota-dc-D8864CAD3D8E3C3E61373E686DCF3405,Tecnico Obra civil - Bogotá,posted|wp_id=40015|https://colombia.mimusjobs.com/job/tecnico-obra-civil-bogota-2/,2026-09-27T14:33:55.196895,https://co.computrabajo.com/empleos-en-bogota-dc,3
f343e552ec1f0ff9,https://co.computrabajo.com/ofertas-de-trabajo/oferta-de-trabajo-de-asesor-comercial-tat-ruta-en-bogota-oriente-sur-en-bogota-dc-63B496B93B213F6361373E686DCF3405,Asesor Comercial TAT - Ruta en Bogotá Oriente Sur,posted|wp_id=40017|https://colombia.mimusjobs.com/job/asesor-comercial-tat-ruta-en-bogota-oriente-sur-2/,2026-09-27T14:34:01.010140,https://co.computrabajo.com/empleos-en-bogota-dc,3
5d10c757197296a1,https://co.computrabajo.com/ofertas-de-trabajo/oferta-de-trabajo-de-auxiliar-de-servicios-generales-zona-occidental-en-bogota-dc-14A444B606C9C44D61373E686DCF3405,Auxiliar de Servicios Generales - Zona Occidental,posted|wp_id=16472|https://colombia.mimusjobs.com/job/auxiliar-de-servicios-generales-zona-occidental/,2026-09-27T14:34:03.891343,https://co.computrabajo.com/empleos-en-bogota-dc,3
8f54c4ab911a096e,https://co.computrabajo.com/ofertas-de-trabajo/oferta-de-trabajo-de-operador-de-medios-tecnologicos-en-bogota-dc-3051F3D65CEAED8F61373E686DCF3405,Operador de Medios Tecnologicos,posted|wp_id=1375|https://colombia.mimusjobs.com/job/operador-de-medios-tecnologicos/,2026-09-27T14:34:06.474291,https://co.computrabajo.com/empleos-en-bogota-dc,3
002f149c4067e1a4,https://co.computrabajo.com/ofertas-de-trabajo/oferta-de-trabajo-de-asesor-comercial-sector-finaciero-o-creditos-credito-vehiculos-en-bogota-dc-170355FE7BA4720861373E686DCF3405,Asesor Comercial Sector finaciero o Creditos - Credito Vehiculos,posted|wp_id=16670|https://colombia.mimusjobs.com/job/asesor-comercial-sector-finaciero-o-creditos-credito-vehiculos/,2026-09-27T14:34:09.006605,https://co.computrabajo.com/empleos-en-bogota-dc,3
cc6c159f5d48294e,https://co.computrabajo.com/ofertas-de-trabajo/oferta-de-trabajo-de-caddie-de-tenis-fin-por-turnos-en-bogota-dc-26AC618CCEB9407D61373E686DCF3405,Caddie de Tenis Fin - Por Turnos,posted|wp_id=16724|https://colombia.mimusjobs.com/job/caddie-de-tenis-fin-por-turnos/,2026-09-27T14:34:11.945722,https://co.computrabajo.com/empleos-en-bogota-dc,3
621b1a7331c0bfb3,https://co.computrabajo.com/ofertas-de-trabajo/oferta-de-trabajo-de-administrador-de-punto-dispensacion-farmacia-soacha-cundinamarca-excel-avanzado-en-bogota-dc-0CFCDFF6BF37A29061373E686DCF3405,"Administrador de punto dispensación (Farmacia) - Soacha, Cundinamarca (Excel avanzado)",posted|wp_id=40020|https://colombia.mimusjobs.com/job/administrador-de-punto-dispensacion-farmacia-soacha-cundinamarca-excel-avanzado-2/,2026-09-27T14:34:16.555174,https://co.computrabajo.com/empleos-en-bogota-dc,3
66ae8408c24c8102,https://co.computrabajo.com/ofertas-de-trabajo/oferta-de-trabajo-de-analista-de-licitaciones-reemplazo-por-licencia-de-maternidad-calle-26-en-bogota-dc-2F377E0EA044293661373E686DCF3405,Analista de Licitaciones / Reemplazo por Licencia de Maternidad / Calle 26,posted|wp_id=15350|https://colombia.mimusjobs.com/job/analista-de-licitaciones-reemplazo-por-licencia-de-maternidad-calle-26/,2026-09-27T14:34:19.256251,https://co.computrabajo.com/empleos-en-bogota-dc,3
87cdd8a9b3a0ee6a,https://co.computrabajo.com/ofertas-de-trabajo/oferta-de-trabajo-de-asesor-sac-venta-cruzada-importante-entidad-bancaria-en-bogota-dc-B6953FD4E50C47DE61373E686DCF3405,Asesor sac venta cruzada - Importante entidad Bancaria,posted|wp_id=16864|https://colombia.mimusjobs.com/job/asesor-sac-venta-cruzada-importante-entidad-bancaria/,2026-09-27T14:34:22.383231,https://co.computrabajo.com/empleos-en-bogota-dc,3
611cfa4c55913566,https://co.computrabajo.com/ofertas-de-trabajo/oferta-de-trabajo-de-operario-de-alturas-en-bogota-dc-8F44B3A1D07D987F61373E686DCF3405,Operario de alturas,posted|wp_id=16589|https://colombia.mimusjobs.com/job/operario-de-alturas/,2026-09-27T14:34:25.134519,https://co.computrabajo.com/empleos-en-bogota-dc,3
62a20f8873676f7d,https://co.computrabajo.com/ofertas-de-trabajo/oferta-de-trabajo-de-auxiliar-de-limpieza-en-alturas-funza-mosquera-suba-en-bogota-dc-D2D0CBE32CD9A06561373E686DCF3405,Auxiliar de limpieza en alturas Funza / Mosquera / Suba,posted|wp_id=16585|https://colombia.mimusjobs.com/job/auxiliar-de-limpieza-en-alturas-funza-mosquera-suba/,2026-09-27T14:34:28.236462,https://co.computrabajo.com/empleos-en-bogota-dc,3
6d8c523ab990b31e,https://co.computrabajo.com/ofertas-de-trabajo/oferta-de-trabajo-de-profesional-en-produccion-avicola-en-bogota-dc-6193A58BD03B2E8961373E686DCF3405,Profesional en Producción Avícola,posted|wp_id=40026|https://colombia.mimusjobs.com/job/profesional-en-produccion-avicola-2/,2026-09-27T14:34:37.296243,https://co.computrabajo.com/empleos-en-bogota-dc,3
dc29bc00cbc946ee,https://co.computrabajo.com/ofertas-de-trabajo/oferta-de-trabajo-de-asesor-operativo-bancario-en-bogota-dc-7416A5A727BFE90D61373E686DCF3405,Asesor operativo bancario,posted|wp_id=16582|https://colombia.mimusjobs.com/job/asesor-operativo-bancario/,2026-09-27T14:34:40.388430,https://co.computrabajo.com/empleos-en-bogota-dc,3
c89a9a182d0495e8,https://co.computrabajo.com/ofertas-de-trabajo/oferta-de-trabajo-de-auxiliar-de-operaciones-bancarias-en-bogota-dc-CC6BD68A8908D15961373E686DCF3405,Auxiliar de operaciones bancarias,posted|wp_id=16583|https://colombia.mimusjobs.com/job/auxiliar-de-operaciones-bancarias/,2026-09-27T14:34:43.196029,https://co.computrabajo.com/empleos-en-bogota-dc,3
f96f3228d9c0878c,https://co.computrabajo.com/ofertas-de-trabajo/oferta-de-trabajo-de-meseros-de-protocolo-para-evento-norte-de-bogota-fin-de-semana-en-bogota-dc-5D12FB1CFC1526B561373E686DCF3405,Meseros de Protocolo para Evento Norte de Bogotá - Fin de Semana,posted|wp_id=40028|https://colombia.mimusjobs.com/job/meseros-de-protocolo-para-evento-norte-de-bogota-fin-de-semana-2/,2026-09-27T14:34:49.153157,https://co.computrabajo.com/empleos-en-bogota-dc,3
5a02aa3315ecf0c9,https://co.computrabajo.com/ofertas-de-trabajo/oferta-de-trabajo-de-profesional-en-enfermeria-con-especializacion-salud-y-seguridad-en-el-trabajo-en-bogota-dc-00D9E606887442FE61373E686DCF3405,profesional en enfermeria con especializacion - salud y seguridad en el trabajo,posted|wp_id=17663|https://colombia.mimusjobs.com/job/profesional-en-enfermeria-con-especializacion-salud-y-seguridad-en-el-trabajo/,2026-09-27T14:34:51.976978,https://co.computrabajo.com/empleos-en-bogota-dc,3
03e8995ad2589386,https://co.computrabajo.com/ofertas-de-trabajo/oferta-de-trabajo-de-agente-de-seguros-financieros-entidad-financiera-en-bogota-dc-89772B7CD21619A561373E686DCF3405,Agente de seguros financieros - entidad financiera,posted|wp_id=11837|https://colombia.mimusjobs.com/job/agente-de-seguros-financieros-entidad-financiera/,2026-09-27T14:34:54.691388,https://co.computrabajo.com/empleos-en-bogota-dc,3
e049f1bab5a10a3b,https://co.computrabajo.com/ofertas-de-trabajo/oferta-de-trabajo-de-agente-de-ventas-outboundno-venta-en-frioseguros-entidad-financiera-en-bogota-dc-8DA9DDF4ED8DCE0161373E686DCF3405,Agente de ventas outbound/no venta en frio/seguros - entidad financiera,posted|wp_id=11841|https://colombia.mimusjobs.com/job/agente-de-ventas-outbound-no-venta-en-frio-seguros-entidad-financiera/,2026-09-27T14:34:58.228998,https://co.computrabajo.com/empleos-en-bogota-dc,3
d5be9e155fe3f004,https://co.computrabajo.com/ofertas-de-trabajo/oferta-de-trabajo-de-agente-pqr-servicio-al-cliente-en-bogota-dc-1C53A4D9BC39EC5361373E686DCF3405,Agente pqr /servicio al cliente,posted|wp_id=12163|https://colombia.mimusjobs.com/job/agente-pqr-servicio-al-cliente/,2026-09-27T14:35:02.062289,https://co.computrabajo.com/empleos-en-bogota-dc,3
5b8ab46f049aba8a,https://co.computrabajo.com/ofertas-de-trabajo/oferta-de-trabajo-de-operarios-de-produccion-fontibon-en-bogota-dc-996BDB8033FC7B1E61373E686DCF3405,Operarios de Producción - Fontibón,posted|wp_id=40031|https://colombia.mimusjobs.com/job/operarios-de-produccion-fontibon-2/,2026-09-27T14:35:07.817678,https://co.computrabajo.com/empleos-en-bogota-dc,3
e1ee281c61e9c9e6,https://co.computrabajo.com/ofertas-de-trabajo/oferta-de-trabajo-de-relacionista-o-agente-telefonico-remoto-en-bogota-dc-8FFC3A064637AE0C61373E686DCF3405,relacionista o agente telefonico remoto,posted|wp_id=16929|https://colombia.mimusjobs.com/job/relacionista-o-agente-telefonico-remoto/,2026-09-27T14:35:10.930841,https://co.computrabajo.com/empleos-en-bogota-dc,4
a3fc9710f0176499,https://co.computrabajo.com/ofertas-de-trabajo/oferta-de-trabajo-de-analista-comercial-con-o-sin-experiencia-en-bogota-dc-BEECED9C0BA8DFEF61373E686DCF3405,analista comercial - con o sin experiencia,posted|wp_id=16930|https://colombia.mimusjobs.com/job/analista-comercial-con-o-sin-experiencia/,2026-09-27T14:35:13.516231,https://co.computrabajo.com/empleos-en-bogota-dc,4
c3daee6af60a1f06,https://co.computrabajo.com/ofertas-de-trabajo/oferta-de-trabajo-de-regente-de-farmacia-cedis-quimico-farmaceutico-en-bogota-dc-2B54E5D6349A9A0B61373E686DCF3405,Regente de Farmacia Cedis - Químico Farmacéutico,posted|wp_id=40033|https://colombia.mimusjobs.com/job/regente-de-farmacia-cedis-quimico-farmaceutico-2/,2026-09-27T14:35:17.864099,https://co.computrabajo.com/empleos-en-bogota-dc,4
0783e9a9ce76b075,https://co.computrabajo.com/ofertas-de-trabajo/oferta-de-trabajo-de-asesor-comercial-con-experencia-campana-claro-movil-y-hogar-contrato-indefinido-en-bogota-dc-3910248341D0DF7561373E686DCF3405,Asesor comercial con Experencia Campaña Claro movil y hogar - Contrato Indefinido,posted|wp_id=40036|https://colombia.mimusjobs.com/job/asesor-comercial-con-experencia-campana-claro-movil-y-hogar-contrato-indefinido/,2026-09-27T14:35:24.105290,https://co.computrabajo.com/empleos-en-bogota-dc,4
9c3d950de5e3339a,https://co.computrabajo.com/ofertas-de-trabajo/oferta-de-trabajo-de-asesor-comercial-call-center-claro-incentivos-sin-techo-en-bogota-dc-FB510449CD95E82F61373E686DCF3405,Asesor Comercial Call Center Claro - Incentivos sin techo,posted|wp_id=39208|https://colombia.mimusjobs.com/job/asesor-comercial-call-center-claro-incentivos-sin-techo/,2026-09-27T14:35:26.562224,https://co.computrabajo.com/empleos-en-bogota-dc,4
c1d9a51fa3f79920,https://co.computrabajo.com/ofertas-de-trabajo/oferta-de-trabajo-de-asesor-de-cobranzas-cartera-castigada-contrato-indefinido-en-bogota-dc-1B8B44301BD8422B61373E686DCF3405,Asesor de Cobranzas – Cartera Castigada Contrato Indefinido,posted|wp_id=16942|https://colombia.mimusjobs.com/job/asesor-de-cobranzas-cartera-castigada-contrato-indefinido/,2026-09-27T14:35:29.086969,https://co.computrabajo.com/empleos-en-bogota-dc,4
19d278d55a2455f8,https://co.computrabajo.com/ofertas-de-trabajo/oferta-de-trabajo-de-coordinador-de-transporte-experiencia-en-empresas-de-transporte-especial-en-bogota-dc-580BDDCC523D0BB561373E686DCF3405,Coordinador de transporte - experiencia en empresas de transporte especial,posted|wp_id=16534|https://colombia.mimusjobs.com/job/coordinador-de-transporte-experiencia-en-empresas-de-transporte-especial/,2026-09-27T14:35:32.626778,https://co.computrabajo.com/empleos-en-bogota-dc,4
9381e38dee4a8d72,https://co.computrabajo.com/ofertas-de-trabajo/oferta-de-trabajo-de-asesor-comercial-call-center-presencial-sin-exp-formal-incentivos-presencial-aranda-en-bogota-dc-2E8332A8C95C808461373E686DCF3405,Asesor Comercial Call Center Presencial - Sin exp formal Incentivos Presencial Aranda,posted|wp_id=40041|https://colombia.mimusjobs.com/job/asesor-comercial-call-center-presencial-sin-exp-formal-incentivos-presencial-aranda-4/,2026-09-27T14:35:38.494799,https://co.computrabajo.com/empleos-en-bogota-dc,4
c5641b52a823d9cc,https://co.computrabajo.com/ofertas-de-trabajo/oferta-de-trabajo-de-practicante-de-contabilidad-en-bogota-dc-A8E7CA8B3A875DAB61373E686DCF3405,Practicante de Contabilidad,posted|wp_id=16301|https://colombia.mimusjobs.com/job/practicante-de-contabilidad/,2026-09-27T14:35:41.893659,https://co.computrabajo.com/empleos-en-bogota-dc,4
fc126b67e1bcc043,https://co.computrabajo.com/ofertas-de-trabajo/oferta-de-trabajo-de-auxiliar-servicios-generales-sala-de-ventas-medio-tiempo-en-bogota-dc-BD8E1D60BA1AB62A61373E686DCF3405,Auxiliar Servicios Generales - Sala de Ventas Medio Tiempo,posted|wp_id=16948|https://colombia.mimusjobs.com/job/auxiliar-servicios-generales-sala-de-ventas-medio-tiempo/,2026-09-27T14:35:45.037608,https://co.computrabajo.com/empleos-en-bogota-dc,4
2a36d878ccac6480,https://co.computrabajo.com/ofertas-de-trabajo/oferta-de-trabajo-de-convocatoria-abierta-operarias-de-servicios-generales-bogota-bogota-en-bogota-dc-33BC8D086157E87761373E686DCF3405,Convocatoria Abierta Operarias de servicios Generales Bogotá - Bogotá,posted|wp_id=40046|https://colombia.mimusjobs.com/job/convocatoria-abierta-operarias-de-servicios-generales-bogota-bogota/,2026-09-27T14:35:51.768409,https://co.computrabajo.com/empleos-en-bogota-dc,4
d23703fd55ab6785,https://co.computrabajo.com/ofertas-de-trabajo/oferta-de-trabajo-de-asesora-comercial-con-experiencia-en-salud-y-estetica-sector-estetica-y-belleza-en-bogota-dc-73481668C318E85761373E686DCF3405,asesora comercial con experiencia en salud y estetica - Sector Estética y Belleza,posted|wp_id=40048|https://colombia.mimusjobs.com/job/asesora-comercial-con-experiencia-en-salud-y-estetica-sector-estetica-y-belleza-2/,2026-09-27T14:35:56.985595,https://co.computrabajo.com/empleos-en-bogota-dc,4
43f152ebd6c404fe,https://co.computrabajo.com/ofertas-de-trabajo/oferta-de-trabajo-de-asistente-legal-con-experiencia-en-personal-injury-en-bogota-dc-8B34CAB5A400B40E61373E686DCF3405,Asistente legal con experiencia en Personal Injury,posted|wp_id=16952|https://colombia.mimusjobs.com/job/asistente-legal-con-experiencia-en-personal-injury/,2026-09-27T14:36:00.293907,https://co.computrabajo.com/empleos-en-bogota-dc,4
66d8ba4531f3a91d,https://co.computrabajo.com/ofertas-de-trabajo/oferta-de-trabajo-de-asesor-comercial-call-center-con-experiencia-en-claro-hogar-colombia-ingreso-inmediato-en-venta-sin-techo-y-crecimiento-en-bogota-dc-D0D0BC0C7F936FC161373E686DCF3405,Asesor Comercial Call Center con Experiencia en Claro Hogar Colombia - Ingreso Inmediato en Venta Sin Techo y Crecimiento,posted|wp_id=40050|https://colombia.mimusjobs.com/job/asesor-comercial-call-center-con-experiencia-en-claro-hogar-colombia-ingreso-inmediato-en-venta-sin-techo-y-crecimiento/,2026-09-27T14:36:05.799778,https://co.computrabajo.com/empleos-en-bogota-dc,4
00cdd8461e1f6f11,https://co.computrabajo.com/ofertas-de-trabajo/oferta-de-trabajo-de-monitor-de-calidad-call-center-en-bogota-dc-741552519427970D61373E686DCF3405,Monitor de Calidad - Call Center,posted|wp_id=15824|https://colombia.mimusjobs.com/job/monitor-de-calidad-call-center/,2026-09-27T14:36:08.254910,https://co.computrabajo.com/empleos-en-bogota-dc,4
ae864ae03cbb6995,https://co.computrabajo.com/ofertas-de-trabajo/oferta-de-trabajo-de-237963-asesor-a-call-center-claro-soporte-cliente-colombiano-solo-atencion-al-cliente-en-bogota-dc-1641B1782207F31261373E686DCF3405,237963 Asesor (a) call Center claro soporte cliente colombiano - Solo atención al cliente,posted|wp_id=40052|https://colombia.mimusjobs.com/job/237963-asesor-a-call-center-claro-soporte-cliente-colombiano-solo-atencion-al-cliente-4/,2026-09-27T14:36:13.167227,https://co.computrabajo.com/empleos-en-bogota-dc,4
4f51d0f297a28b7f,https://co.computrabajo.com/ofertas-de-trabajo/oferta-de-trabajo-de-ejecutivo-comercial-y-conferencista-nacional-ventas-grupales-norte-de-bogota-urgente-en-bogota-dc-8C115223EBC0095E61373E686DCF3405,"Ejecutivo Comercial y conferencista Nacional // Ventas Grupales - Norte de Bogotá, Urgente",posted|wp_id=40057|https://colombia.mimusjobs.com/job/ejecutivo-comercial-y-conferencista-nacional-ventas-grupales-norte-de-bogota-urgente-2/,2026-09-27T14:36:22.893264,https://co.computrabajo.com/empleos-en-bogota-dc,4
1327aea08d1df961,https://co.computrabajo.com/ofertas-de-trabajo/oferta-de-trabajo-de-tecnico-a-mantenimiento-base-en-bogota-dc-9F49C5ACEED4C40461373E686DCF3405,Técnico (a) mantenimiento base,posted|wp_id=40062|https://colombia.mimusjobs.com/job/tecnico-a-mantenimiento-base-3/,2026-09-27T14:36:30.159991,https://co.computrabajo.com/empleos-en-bogota-dc,4
9c07b5a767589a88,https://co.computrabajo.com/ofertas-de-trabajo/oferta-de-trabajo-de-tecnico-a-mantenimiento-cubiertas-civil-en-bogota-dc-124D04F51C93CC6C61373E686DCF3405,Técnico (a) mantenimiento cubiertas civil,posted|wp_id=40067|https://colombia.mimusjobs.com/job/tecnico-a-mantenimiento-cubiertas-civil-2/,2026-09-27T14:36:38.380426,https://co.computrabajo.com/empleos-en-bogota-dc,4
8e4674fc85a6e03f,https://co.computrabajo.com/ofertas-de-trabajo/oferta-de-trabajo-de-agente-call-center-entidad-financiera-en-bogota-dc-0A10C5EA6531EDD061373E686DCF3405,Agente call center entidad financiera,posted|wp_id=11894|https://colombia.mimusjobs.com/job/agente-call-center-entidad-financiera/,2026-09-27T14:36:41.457847,https://co.computrabajo.com/empleos-en-bogota-dc,5
c1c72c3124f94266,https://co.computrabajo.com/ofertas-de-trabajo/oferta-de-trabajo-de-asesor-comercialtarjetas-de-credito-en-bogota-dc-350BECA7DC51540B61373E686DCF3405,Asesor comercial/tarjetas de crédito,posted|wp_id=40071|https://colombia.mimusjobs.com/job/asesor-comercial-tarjetas-de-credito-25/,2026-09-27T14:36:47.239650,https://co.computrabajo.com/empleos-en-bogota-dc,5
76e4c7a66c580830,https://co.computrabajo.com/ofertas-de-trabajo/oferta-de-trabajo-de-conductor-camioneta-panel-paqueteria-masiva-contacto-directo-por-whatsapp-en-bogota-dc-672636B7B0F23E0261373E686DCF3405,Conductor Camioneta panel paquetería masiva - Contacto directo por whatsapp,posted|wp_id=40079|https://colombia.mimusjobs.com/job/conductor-camioneta-panel-paqueteria-masiva-contacto-directo-por-whatsapp-2/,2026-09-27T14:37:04.841124,https://co.computrabajo.com/empleos-en-bogota-dc,5
6b9c7d100dea6bf8,https://co.computrabajo.com/ofertas-de-trabajo/oferta-de-trabajo-de-buscamos-auxiliar-punto-de-venta-en-bogota-dc-1A52361B6BC8B12961373E686DCF3405,Buscamos Auxiliar Punto de Venta,posted|wp_id=16609|https://colombia.mimusjobs.com/job/buscamos-auxiliar-punto-de-venta/,2026-09-27T14:37:07.735276,https://co.computrabajo.com/empleos-en-bogota-dc,5
e49684b1718544c7,https://co.computrabajo.com/ofertas-de-trabajo/oferta-de-trabajo-de-buscamos-domiciliarios-con-moto-excelentes-ingresos-postulate-ya-en-bogota-dc-26385853F458823B61373E686DCF3405,"Buscamos domiciliarios con Moto, excelentes ingresos, postúlate YA",posted|wp_id=40083|https://colombia.mimusjobs.com/job/buscamos-domiciliarios-con-moto-excelentes-ingresos-postulate-ya-2/,2026-09-27T14:37:13.923115,https://co.computrabajo.com/empleos-en-bogota-dc,5
a5bf000e5bbfd068,https://co.computrabajo.com/ofertas-de-trabajo/oferta-de-trabajo-de-jefe-de-mantenimiento-industrial-en-bogota-dc-C78ACEECAB395FB861373E686DCF3405,Jefe de mantenimiento industrial,posted|wp_id=17712|https://colombia.mimusjobs.com/job/jefe-de-mantenimiento-industrial/,2026-09-27T14:37:16.434901,https://co.computrabajo.com/empleos-en-bogota-dc,5
829157c634832ea4,https://co.computrabajo.com/ofertas-de-trabajo/oferta-de-trabajo-de-cajeroa-aux-supernumerario-atencion-al-cliente-zona-centro-de-bogota-en-bogota-dc-48E1E4BDF9E6B3D461373E686DCF3405,Cajero/a aux supernumerario / Atencion al cliente - Zona centro de Bogotá,posted|wp_id=40086|https://colombia.mimusjobs.com/job/cajero-a-aux-supernumerario-atencion-al-cliente-zona-centro-de-bogota/,2026-09-27T14:37:29.243049,https://co.computrabajo.com/empleos-en-bogota-dc,5
9c728cd97a6a6f1b,https://co.computrabajo.com/ofertas-de-trabajo/oferta-de-trabajo-de-conductor-viajero-contratacion-inmediata-en-bogota-dc-69479BF11CC3981261373E686DCF3405,Conductor viajero - Contratacion inmediata,posted|wp_id=11540|https://colombia.mimusjobs.com/job/conductor-viajero-contratacion-inmediata/,2026-09-27T14:37:32.411875,https://co.computrabajo.com/empleos-en-bogota-dc,5
43b72b077dc4b5fa,https://co.computrabajo.com/ofertas-de-trabajo/oferta-de-trabajo-de-conductor-patio-tractomula-c3-en-bogota-dc-A2B87CA795F8BFC761373E686DCF3405,Conductor Patio / Tractomula C3,posted|wp_id=40091|https://colombia.mimusjobs.com/job/conductor-patio-tractomula-c3/,2026-09-27T14:37:43.588788,https://co.computrabajo.com/empleos-en-bogota-dc,5
ab3e4a5d05352e79,https://co.computrabajo.com/ofertas-de-trabajo/oferta-de-trabajo-de-facilitador-comercialejecutivo-experiencia-en-el-sector-logistico-o-transporte-en-bogota-dc-FE09537A470B254961373E686DCF3405,Facilitador comercial/Ejecutivo - Experiencia en el sector logístico o transporte,posted|wp_id=40095|https://colombia.mimusjobs.com/job/facilitador-comercial-ejecutivo-experiencia-en-el-sector-logistico-o-transporte-2/,2026-09-27T14:37:55.411972,https://co.computrabajo.com/empleos-en-bogota-dc,5
6b1b339c65b4f8ef,https://co.computrabajo.com/ofertas-de-trabajo/oferta-de-trabajo-de-auxiliar-logistico-sector-automotriz-experiencia-en-manejo-de-repuestos-en-bogota-dc-F23922FFE8F286AA61373E686DCF3405,Auxiliar logístico / Sector automotriz - Experiencia en manejo de repuestos,posted|wp_id=40099|https://colombia.mimusjobs.com/job/auxiliar-logistico-sector-automotriz-experiencia-en-manejo-de-repuestos-2/,2026-09-27T14:38:06.872720,https://co.computrabajo.com/empleos-en-bogota-dc,5
854a4c8ccdb25b3f,https://co.computrabajo.com/ofertas-de-trabajo/oferta-de-trabajo-de-conductor-patio-contratacion-inmediata-en-bogota-dc-E3B6A6CF6390AB4C61373E686DCF3405,Conductor Patio / Contratación inmediata,posted|wp_id=40103|https://colombia.mimusjobs.com/job/conductor-patio-contratacion-inmediata/,2026-09-27T14:38:17.199108,https://co.computrabajo.com/empleos-en-bogota-dc,5
a28506adcfc276d0,https://co.computrabajo.com/ofertas-de-trabajo/oferta-de-trabajo-de-montacarguista-operador-de-montacargas-1-ano-de-experiencia-contratacion-inmediata-en-bogota-dc-F8A8B4269333110261373E686DCF3405,Montacarguista / Operador de montacargas / 1 año de experiencia - Contratacion inmediata,posted|wp_id=40108|https://colombia.mimusjobs.com/job/montacarguista-operador-de-montacargas-1-ano-de-experiencia-contratacion-inmediata/,2026-09-27T14:38:30.133927,https://co.computrabajo.com/empleos-en-bogota-dc,5
411df016aeaa89a9,https://co.computrabajo.com/ofertas-de-trabajo/oferta-de-trabajo-de-conductor-repartidor-en-bogota-dc-E7C3501C80ECC84E61373E686DCF3405,Conductor repartidor,posted|wp_id=40110|https://colombia.mimusjobs.com/job/conductor-repartidor/,2026-09-27T14:38:36.295975,https://co.computrabajo.com/empleos-en-bogota-dc,5
67d34bc560f7d539,https://co.computrabajo.com/ofertas-de-trabajo/oferta-de-trabajo-de-operario-de-limpieza-y-desinfeccion-zona-norte-bogota-en-bogota-dc-DD36D33618B167DF61373E686DCF3405,"Operario de limpieza y desinfección - Zona Norte, Bogotá",posted|wp_id=40112|https://colombia.mimusjobs.com/job/operario-de-limpieza-y-desinfeccion-zona-norte-bogota-5/,2026-09-27T14:38:40.526963,https://co.computrabajo.com/empleos-en-bogota-dc,5
18e395da0aeeb17d,https://co.computrabajo.com/ofertas-de-trabajo/oferta-de-trabajo-de-agente-call-center-remoto-en-bogota-dc-9D83DFA2E63E36C861373E686DCF3405,agente call center remoto,posted|wp_id=18240|https://colombia.mimusjobs.com/job/agente-call-center-remoto/,2026-09-27T14:38:43.086345,https://co.computrabajo.com/empleos-en-bogota-dc,5
4c8a698473538824,https://co.computrabajo.com/ofertas-de-trabajo/oferta-de-trabajo-de-teletrabajo-en-bogota-dc-C1056E854A0F36FF61373E686DCF3405,Teletrabajo,posted|wp_id=17469|https://colombia.mimusjobs.com/job/teletrabajo/,2026-09-27T14:38:46.219711,https://co.computrabajo.com/empleos-en-bogota-dc,5
8e5f796b2a67d3de,https://co.computrabajo.com/ofertas-de-trabajo/oferta-de-trabajo-de-asesor-comercial-proyectos-de-vivienda-bogota-en-bogota-dc-9742CD3E8EAE7D5161373E686DCF3405,Asesor Comercial proyectos de vivienda - Bogotá,posted|wp_id=40115|https://colombia.mimusjobs.com/job/asesor-comercial-proyectos-de-vivienda-bogota-2/,2026-09-27T14:38:50.783252,https://co.computrabajo.com/empleos-en-bogota-dc,5
f68549fe1a9801ed,https://co.computrabajo.com/ofertas-de-trabajo/oferta-de-trabajo-de-coordinador-de-seleccion-bogota-en-bogota-dc-5D093647CF1CBFA561373E686DCF3405,Coordinador de Selección - Bogotá,posted|wp_id=40116|https://colombia.mimusjobs.com/job/coordinador-de-seleccion-bogota-2/,2026-09-27T14:38:55.414963,https://co.computrabajo.com/empleos-en-bogota-dc,5
42e0246b7ca933fe,https://co.computrabajo.com/ofertas-de-trabajo/oferta-de-trabajo-de-ingeniero-desarrollo-en-inteligencia-artificial-en-bogota-dc-CE4331CC318B281F61373E686DCF3405,ingeniero desarrollo - en Inteligencia Artificial,posted|wp_id=17298|https://colombia.mimusjobs.com/job/ingeniero-desarrollo-en-inteligencia-artificial/,2026-09-27T14:38:58.565364,https://co.computrabajo.com/empleos-en-bogota-dc,5
3028b961052dfc71,https://co.computrabajo.com/ofertas-de-trabajo/oferta-de-trabajo-de-asesora-comercial-call-center-contrato-indefinido-experiencia-formalinformal-contrato-indefinido-en-bogota-dc-F2F3786BADA17BC161373E686DCF3405,Asesor(a) comercial Call center contrato indefinido - experiencia formal/informal contrato indefinido,posted|wp_id=40118|https://colombia.mimusjobs.com/job/asesora-comercial-call-center-contrato-indefinido-experiencia-formal-informal-contrato-indefinido-2/,2026-09-27T14:39:04.210312,https://co.computrabajo.com/empleos-en-bogota-dc,6
fdf83861bbd453c7,https://co.computrabajo.com/ofertas-de-trabajo/oferta-de-trabajo-de-tecnico-electronico-con-experiencia-en-cajeros-y-billeteros-bogota-bogota-contratacion-inmediata-en-bogota-dc-19F3B92D50D47CF161373E686DCF3405,Técnico electrónico / con experiencia en cajeros y billeteros/ Bogota - Bogota contratacion inmediata,posted|wp_id=40122|https://colombia.mimusjobs.com/job/tecnico-electronico-con-experiencia-en-cajeros-y-billeteros-bogota-bogota-contratacion-inmediata-2/,2026-09-27T14:39:09.241918,https://co.computrabajo.com/empleos-en-bogota-dc,6
a05d1ab32c14c672,https://co.computrabajo.com/ofertas-de-trabajo/oferta-de-trabajo-de-conductor-logistico-licencia-c2-en-bogota-dc-D176940647D5A3DE61373E686DCF3405,Conductor Logistico / Licencia C2,posted|wp_id=16877|https://colombia.mimusjobs.com/job/conductor-logistico-licencia-c2/,2026-09-27T14:39:12.330314,https://co.computrabajo.com/empleos-en-bogota-dc,6
494915bbd32872d3,https://co.computrabajo.com/ofertas-de-trabajo/oferta-de-trabajo-de-administrador-de-punto-dispensacion-farmacia-soacha-cundinamarca-en-bogota-dc-C4AFE668904CD8D061373E686DCF3405,Administrador de punto dispensación (Farmacia) - Soacha Cundinamarca,posted|wp_id=40123|https://colombia.mimusjobs.com/job/administrador-de-punto-dispensacion-farmacia-soacha-cundinamarca-2/,2026-09-27T14:39:17.146981,https://co.computrabajo.com/empleos-en-bogota-dc,6
c69fd6bd02ebd30d,https://co.computrabajo.com/ofertas-de-trabajo/oferta-de-trabajo-de-analista-hseq-bogota-en-bogota-dc-0AD6A8A7D12FF6DE61373E686DCF3405,Analista HSEQ - Bogotá,posted|wp_id=40126|https://colombia.mimusjobs.com/job/analista-hseq-bogota-2/,2026-09-27T14:39:22.653225,https://co.computrabajo.com/empleos-en-bogota-dc,6
521f3a44226af8aa,https://co.computrabajo.com/ofertas-de-trabajo/oferta-de-trabajo-de-bodeguero-sector-retail-bogota-en-bogota-dc-E9E522365BBEACE961373E686DCF3405,Bodeguero Sector Retail / Bogota,posted|wp_id=16711|https://colombia.mimusjobs.com/job/bodeguero-sector-retail-bogota/,2026-09-27T14:39:25.079994,https://co.computrabajo.com/empleos-en-bogota-dc,6
4c45af5845e16eba,https://co.computrabajo.com/ofertas-de-trabajo/oferta-de-trabajo-de-tec-aux-farmaciaaux-servicios-farmaceuticos-asesor-medicamentos-vendedor-farmacia-en-bogota-dc-6726E467B541DF6561373E686DCF3405,Tec aux farmacia/aux servicios farmaceuticos - Asesor medicamentos vendedor farmacia,posted|wp_id=40128|https://colombia.mimusjobs.com/job/tec-aux-farmacia-aux-servicios-farmaceuticos-asesor-medicamentos-vendedor-farmacia-2/,2026-09-27T14:39:30.224687,https://co.computrabajo.com/empleos-en-bogota-dc,6
6fb1935ff4bf9f73,https://co.computrabajo.com/ofertas-de-trabajo/oferta-de-trabajo-de-tecnico-logistico-de-almacen-de-obra-urgente-en-bogota-dc-F7E0519D44FAC62D61373E686DCF3405,Técnico Logístico de almacén de obra - Urgente,posted|wp_id=40131|https://colombia.mimusjobs.com/job/tecnico-logistico-de-almacen-de-obra-urgente-2/,2026-09-27T14:39:36.136575,https://co.computrabajo.com/empleos-en-bogota-dc,6
ba651f64a164af8b,https://co.computrabajo.com/ofertas-de-trabajo/oferta-de-trabajo-de-urgenteasesor-sac-soporte-factura-call-center-trabaja-6-horas-contratacion-inmediata-en-bogota-dc-22E29C9886C9E7F761373E686DCF3405,"urgente!!asesor sac , soporte factura call center - trabaja 6 horas contratacion inmediata",posted|wp_id=40133|https://colombia.mimusjobs.com/job/urgenteasesor-sac-soporte-factura-call-center-trabaja-6-horas-contratacion-inmediata-2/,2026-09-27T14:39:41.184852,https://co.computrabajo.com/empleos-en-bogota-dc,6
adbb88ef32f77c22,https://co.computrabajo.com/ofertas-de-trabajo/oferta-de-trabajo-de-convocatoria-ayudante-de-obra-en-bogota-dc-C0EB61952C96663761373E686DCF3405,Convocatoria Ayudante de obra,posted|wp_id=18020|https://colombia.mimusjobs.com/job/convocatoria-ayudante-de-obra/,2026-09-27T14:39:43.652649,https://co.computrabajo.com/empleos-en-bogota-dc,6
a09899e522d88e2a,https://co.computrabajo.com/ofertas-de-trabajo/oferta-de-trabajo-de-operario-de-dispensacion-para-empresa-del-sector-farmaceutico-un-ano-de-experiencia-en-bogota-dc-0A442FC76BC2319761373E686DCF3405,operario de dispensación para empresa del - sector farmacéutico un año de experiencia,posted|wp_id=40139|https://colombia.mimusjobs.com/job/operario-de-dispensacion-para-empresa-del-sector-farmaceutico-un-ano-de-experiencia-2/,2026-09-27T14:39:50.798848,https://co.computrabajo.com/empleos-en-bogota-dc,6
4425551bcae6cb91,https://co.computrabajo.com/ofertas-de-trabajo/oferta-de-trabajo-de-tecnologo-en-sst-bogota-disponibilidad-de-viajar-en-bogota-dc-BD3FE605549AA64A61373E686DCF3405,Tecnologo en sst Bogota - disponibilidad de viajar,posted|wp_id=18098|https://colombia.mimusjobs.com/job/tecnologo-en-sst-bogota-disponibilidad-de-viajar/,2026-09-27T14:39:53.733610,https://co.computrabajo.com/empleos-en-bogota-dc,6
281c55e7d3b20fc7,https://co.computrabajo.com/ofertas-de-trabajo/oferta-de-trabajo-de-agente-chat-center-en-bogota-dc-A7E73419429305FC61373E686DCF3405,Agente chat center,posted|wp_id=12164|https://colombia.mimusjobs.com/job/agente-chat-center/,2026-09-27T14:39:56.114013,https://co.computrabajo.com/empleos-en-bogota-dc,6
1da91d273fc46e1f,https://co.computrabajo.com/ofertas-de-trabajo/oferta-de-trabajo-de-asesor-servicio-al-cliente-apuestas-deportivaschat-en-bogota-dc-03A51DF74A5946A661373E686DCF3405,Asesor servicio al cliente apuestas deportivas/chat,posted|wp_id=12071|https://colombia.mimusjobs.com/job/asesor-servicio-al-cliente-apuestas-deportivas-chat/,2026-09-27T14:39:58.836734,https://co.computrabajo.com/empleos-en-bogota-dc,6
cda09313e66e5068,https://co.computrabajo.com/ofertas-de-trabajo/oferta-de-trabajo-de-auxiliar-administrativo-en-bogota-dc-CDE8B930B76FB6F061373E686DCF3405,Auxiliar administrativo,posted|wp_id=129|https://colombia.mimusjobs.com/job/auxiliar-administrativo/,2026-09-27T14:40:02.656104,https://co.computrabajo.com/empleos-en-bogota-dc,6
c30629cf26ff9e3a,https://co.computrabajo.com/ofertas-de-trabajo/oferta-de-trabajo-de-analista-de-operaciones-logisticas-ultima-milla-urgente-para-zona-franca-de-fontibon-en-bogota-dc-04AFEB76B12B34B061373E686DCF3405,analista de operaciones logísticas / ultima milla - Urgente para zona franca de fontibon,posted|wp_id=40145|https://colombia.mimusjobs.com/job/analista-de-operaciones-logisticas-ultima-milla-urgente-para-zona-franca-de-fontibon-2/,2026-09-27T14:40:10.646304,https://co.computrabajo.com/empleos-en-bogota-dc,6
c672273f86e08f0e,https://co.computrabajo.com/ofertas-de-trabajo/oferta-de-trabajo-de-asesores-call-center-ventas-telecomunicaciones-zona-franca-de-fontibon-contratacion-inmediata-en-bogota-dc-C38941EB4341944961373E686DCF3405,Asesores call center ventas telecomunicaciones - zona franca de fontibon Contratación Inmediata,posted|wp_id=40148|https://colombia.mimusjobs.com/job/asesores-call-center-ventas-telecomunicaciones-zona-franca-de-fontibon-contratacion-inmediata-5/,2026-09-27T14:40:16.632774,https://co.computrabajo.com/empleos-en-bogota-dc,6
21434a830d32340c,https://co.computrabajo.com/ofertas-de-trabajo/oferta-de-trabajo-de-agente-de-ventas-call-center--todos-los-segmentos-zona-franca-de-fontibon-contratacion-inmediata-en-bogota-dc-BF9F60B3E4D4DA8461373E686DCF3405,Agente de Ventas Call Center / Todos los Segmentos - zona franca de fontibon Contratación Inmediata,posted|wp_id=40152|https://colombia.mimusjobs.com/job/agente-de-ventas-call-center-todos-los-segmentos-zona-franca-de-fontibon-contratacion-inmediata-5/,2026-09-27T14:40:23.054381,https://co.computrabajo.com/empleos-en-bogota-dc,6
69b79adbe2130565,https://co.computrabajo.com/ofertas-de-trabajo/oferta-de-trabajo-de-auxiliar-de-zonificado-y-ruteo-urgente-para-zona-franca-de-fontibon-en-bogota-dc-A88907BD5316E6DC61373E686DCF3405,Auxiliar de zonificado y Ruteo - Urgente para zona franca de fontibon,posted|wp_id=24220|https://colombia.mimusjobs.com/job/auxiliar-de-zonificado-y-ruteo-urgente-para-zona-franca-de-fontibon/,2026-09-27T14:40:26.014315,https://co.computrabajo.com/empleos-en-bogota-dc,6
213d5d37f6720491,https://co.computrabajo.com/ofertas-de-trabajo/oferta-de-trabajo-de-asesor-call-center-retencion-y-fidelizacion-zona-franca-de-fontibon-contratacion-inmediata-en-bogota-dc-7D956C4B236007F861373E686DCF3405,asesor call center retencion y fidelizacion - zona franca de fontibon Contratación Inmediata,posted|wp_id=40155|https://colombia.mimusjobs.com/job/asesor-call-center-retencion-y-fidelizacion-zona-franca-de-fontibon-contratacion-inmediata-5/,2026-09-27T14:40:30.629052,https://co.computrabajo.com/empleos-en-bogota-dc,6
8de4940b21153120,https://co.computrabajo.com/ofertas-de-trabajo/oferta-de-trabajo-de-asesores-y-asesoras-call-center-ventas-bogota-contratacion-inmediata-en-bogota-dc-B8834EA2CA445A2461373E686DCF3405,Asesores y asesoras call center ventas - Bogotá Contratación Inmediata,posted|wp_id=40159|https://colombia.mimusjobs.com/job/asesores-y-asesoras-call-center-ventas-bogota-contratacion-inmediata-5/,2026-09-27T14:40:38.502513,https://co.computrabajo.com/empleos-en-bogota-dc,7
b86570b2579434f0,https://co.computrabajo.com/ofertas-de-trabajo/oferta-de-trabajo-de-asistente-de-inventarios-manejo-de-piciz-urgente-para-zona-franca-de-fontibon-en-bogota-dc-DBC0C60BDA9EBE7661373E686DCF3405,Asistente de Inventarios / manejo de piciz - Urgente para zona franca de fontibon,posted|wp_id=40163|https://colombia.mimusjobs.com/job/asistente-de-inventarios-manejo-de-piciz-urgente-para-zona-franca-de-fontibon/,2026-09-27T14:40:43.987322,https://co.computrabajo.com/empleos-en-bogota-dc,7
04a85810d9eba910,https://co.computrabajo.com/ofertas-de-trabajo/oferta-de-trabajo-de-asesores-y-asesoras-ventas-telefonicas-bogota-contratacion-inmediata-en-bogota-dc-695E33749DCCF14061373E686DCF3405,Asesores y asesoras Ventas Telefónicas - Bogotá Contratación Inmediata,posted|wp_id=40166|https://colombia.mimusjobs.com/job/asesores-y-asesoras-ventas-telefonicas-bogota-contratacion-inmediata-5/,2026-09-27T14:40:49.886400,https://co.computrabajo.com/empleos-en-bogota-dc,7
beddb207f7f8fb94,https://co.computrabajo.com/ofertas-de-trabajo/oferta-de-trabajo-de-asesores-comerciales-para-call-center-ventas-bogota-contratacion-inmediata-en-bogota-dc-2EA35503107B56B561373E686DCF3405,asesores comerciales para call center ventas - Bogotá Contratación Inmediata,posted|wp_id=40170|https://colombia.mimusjobs.com/job/asesores-comerciales-para-call-center-ventas-bogota-contratacion-inmediata-5/,2026-09-27T14:40:56.544305,https://co.computrabajo.com/empleos-en-bogota-dc,7
4d002bda70533639,https://co.computrabajo.com/ofertas-de-trabajo/oferta-de-trabajo-de-asistente-de-operaciones-logisticas-torre-de-control-transporte-urgente-para-zona-franca-de-fontibon-en-bogota-dc-1F00D33FD608972961373E686DCF3405,Asistente de Operaciones Logísticas / torre de control transporte - Urgente para zona franca de fontibon,posted|wp_id=40172|https://colombia.mimusjobs.com/job/asistente-de-operaciones-logisticas-torre-de-control-transporte-urgente-para-zona-franca-de-fontibon-4/,2026-09-27T14:41:04.137317,https://co.computrabajo.com/empleos-en-bogota-dc,7
bfc14bc86e83c3ad,https://co.computrabajo.com/ofertas-de-trabajo/oferta-de-trabajo-de-auxiliar-de-inventarios-manejo-de-piciz-urgente-para-zona-franca-de-fontibon-en-bogota-dc-1CF961569830895B61373E686DCF3405,auxiliar de Inventarios / manejo de piciz - Urgente para zona franca de fontibon,posted|wp_id=40177|https://colombia.mimusjobs.com/job/auxiliar-de-inventarios-manejo-de-piciz-urgente-para-zona-franca-de-fontibon/,2026-09-27T14:41:09.596281,https://co.computrabajo.com/empleos-en-bogota-dc,7
dc370633320657e5,https://co.computrabajo.com/ofertas-de-trabajo/oferta-de-trabajo-de-asistente-de-zonificado-y-ruteo-urgente-para-zona-franca-de-fontibon-en-bogota-dc-FD3E1FF172EC4EA261373E686DCF3405,asistente de zonificado y Ruteo - Urgente para zona franca de fontibon,posted|wp_id=24223|https://colombia.mimusjobs.com/job/asistente-de-zonificado-y-ruteo-urgente-para-zona-franca-de-fontibon/,2026-09-27T14:41:12.696034,https://co.computrabajo.com/empleos-en-bogota-dc,7
f4060111db00ecc2,https://co.computrabajo.com/ofertas-de-trabajo/oferta-de-trabajo-de-auxiliar-de-cocina-en-bogota-dc-BB36E08ECAC3BA3A61373E686DCF3405,Auxiliar de Cocina,posted|wp_id=251|https://colombia.mimusjobs.com/job/auxiliar-de-cocina/,2026-09-27T14:41:15.532289,https://co.computrabajo.com/empleos-en-bogota-dc,7
8ae97ed4636706db,https://co.computrabajo.com/ofertas-de-trabajo/oferta-de-trabajo-de-analista-de-campo-sector-retail-puntos-de-venta-droguerias-y-farmacias-trabajo-presencial-en-bogota-dc-35DD96B63794F64361373E686DCF3405,Analista de Campo sector retail puntos de venta droguerías y farmacias - Trabajo presencial,posted|wp_id=40178|https://colombia.mimusjobs.com/job/analista-de-campo-sector-retail-puntos-de-venta-droguerias-y-farmacias-trabajo-presencial-3/,2026-09-27T14:41:19.784294,https://co.computrabajo.com/empleos-en-bogota-dc,7
480a3d3a26f5a05a,https://co.computrabajo.com/ofertas-de-trabajo/oferta-de-trabajo-de-supernumerario-experiencia-renting-de-vehiculos-y-talleres-de-servicio-excel-intermedio-trabajo-norte-bogota-en-bogota-dc-2CB40446D439D9AD61373E686DCF3405,Supernumerario experiencia renting de vehículos y talleres de servicio Excel intermedio - Trabajo norte Bogotá,posted|wp_id=40181|https://colombia.mimusjobs.com/job/supernumerario-experiencia-renting-de-vehiculos-y-talleres-de-servicio-excel-intermedio-trabajo-norte-bogota-4/,2026-09-27T14:41:24.226907,https://co.computrabajo.com/empleos-en-bogota-dc,7
17c886a7c3e4b30d,https://co.computrabajo.com/ofertas-de-trabajo/oferta-de-trabajo-de-guarda-de-seguridad-bogota-en-bogota-dc-6B29E5BBC4C93A9861373E686DCF3405,Guarda de seguridad - Bogota,posted|wp_id=12564|https://colombia.mimusjobs.com/job/guarda-de-seguridad-bogota/,2026-09-27T14:41:27.450608,https://co.computrabajo.com/empleos-en-bogota-dc,7
6f32698357995bcb,https://co.computrabajo.com/ofertas-de-trabajo/oferta-de-trabajo-de-lider-comercial-con-o-sin-experiencia-en-bogota-dc-644A395C90CECD4561373E686DCF3405,líder comercial - con o sin experiencia,posted|wp_id=40184|https://colombia.mimusjobs.com/job/lider-comercial-con-o-sin-experiencia-2/,2026-09-27T14:41:31.490187,https://co.computrabajo.com/empleos-en-bogota-dc,7
d774f1ebfd051d30,https://co.computrabajo.com/ofertas-de-trabajo/oferta-de-trabajo-de-conductor-tractocamion-tractomula-licencia-c3-en-bogota-dc-C302CC55076435A561373E686DCF3405,Conductor tractocamión/ tractomula / Licencia C3,posted|wp_id=40186|https://colombia.mimusjobs.com/job/conductor-tractocamion-tractomula-licencia-c3-2/,2026-09-27T14:41:35.264780,https://co.computrabajo.com/empleos-en-bogota-dc,7
3e59e5530d96b185,https://co.computrabajo.com/ofertas-de-trabajo/oferta-de-trabajo-de-relacionista-o-agente-telefonico-remoto-en-bogota-dc-197D651474C532B261373E686DCF3405,relacionista o agente telefonico remoto,posted|wp_id=16929|https://colombia.mimusjobs.com/job/relacionista-o-agente-telefonico-remoto/,2026-09-27T14:41:37.970373,https://co.computrabajo.com/empleos-en-bogota-dc,7
743e1ab0e4a060d5,https://co.computrabajo.com/ofertas-de-trabajo/oferta-de-trabajo-de-cotizador-eventos-experiencia-en-empresas-de-eventos-o-hoteles-en-bogota-dc-0EB8AB6FDEF2376A61373E686DCF3405,Cotizador eventos - experiencia en empresas de eventos o hoteles,posted|wp_id=16938|https://colombia.mimusjobs.com/job/cotizador-eventos-experiencia-en-empresas-de-eventos-o-hoteles/,2026-09-27T14:41:40.703807,https://co.computrabajo.com/empleos-en-bogota-dc,7
43c7c3d3f6765dbb,https://co.computrabajo.com/ofertas-de-trabajo/oferta-de-trabajo-de-administradora-nacional-de-consultorios-fundacion-en-bogota-dc-3117A9FAA28841F561373E686DCF3405,Administrador(a) Nacional de Consultorios - Fundación,posted|wp_id=40187|https://colombia.mimusjobs.com/job/administradora-nacional-de-consultorios-fundacion-2/,2026-09-27T14:41:44.728456,https://co.computrabajo.com/empleos-en-bogota-dc,7
af74c94d728dc81e,https://co.computrabajo.com/ofertas-de-trabajo/oferta-de-trabajo-de-asesora-de-cobranzas-tus-resultados-pueden-aumentar-tus-ingresos-contratacion-inmediata-en-bogota-dc-1A8B8C75E03275E561373E686DCF3405,Asesor(a) de Cobranzas – ¡Tus resultados pueden aumentar tus ingresos! - Contratación Inmediata,posted|wp_id=40191|https://colombia.mimusjobs.com/job/asesora-de-cobranzas-tus-resultados-pueden-aumentar-tus-ingresos-contratacion-inmediata-2/,2026-09-27T14:41:50.090663,https://co.computrabajo.com/empleos-en-bogota-dc,7
1ac33ad10567ad81,https://co.computrabajo.com/ofertas-de-trabajo/oferta-de-trabajo-de-soldador-puente-aranda-en-bogota-dc-F2157066F0CD8F2761373E686DCF3405,Soldador - Puente Aranda,posted|wp_id=17182|https://colombia.mimusjobs.com/job/soldador-puente-aranda/,2026-09-27T14:41:52.723954,https://co.computrabajo.com/empleos-en-bogota-dc,7
1ee990c088eb2b5a,https://co.computrabajo.com/ofertas-de-trabajo/oferta-de-trabajo-de-atencion-al-publico-presencial-en-bogota-dc-6BFF6BA644A1510861373E686DCF3405,Atención al público - Presencial,posted|wp_id=40193|https://colombia.mimusjobs.com/job/atencion-al-publico-presencial-2/,2026-09-27T14:41:58.754140,https://co.computrabajo.com/empleos-en-bogota-dc,7
f206b1b56591fb9e,https://co.computrabajo.com/ofertas-de-trabajo/oferta-de-trabajo-de-asesor-comercial-bancario-en-bogota-dc-1653A2D72429626E61373E686DCF3405,"Asesor comercial, Bancario",posted|wp_id=12206|https://colombia.mimusjobs.com/job/asesor-comercial-bancario/,2026-09-27T14:42:01.722917,https://co.computrabajo.com/empleos-en-bogota-dc,7
6e6727b3974f960f,https://co.computrabajo.com/ofertas-de-trabajo/oferta-de-trabajo-de-guarda-motorizado-en-bogota-dc-983EC7B50575590861373E686DCF3405,Guarda Motorizado,posted|wp_id=9505|https://colombia.mimusjobs.com/job/guarda-motorizado/,2026-09-27T14:42:04.610525,https://co.computrabajo.com/empleos-en-bogota-dc,8
5826e8b5ea25ab76,https://co.computrabajo.com/ofertas-de-trabajo/oferta-de-trabajo-de-conductor-pase-de-c2-c3-transporte-especial-de-pasajeros-y-turismo-debe-vivir-zona-norte-o-tener-moto-en-bogota-dc-E08FB37D5DB48CBE61373E686DCF3405,Conductor Pase de C2 C3 transporte especial de pasajeros y turismo - debe vivir zona norte o tener moto,posted|wp_id=40196|https://colombia.mimusjobs.com/job/conductor-pase-de-c2-c3-transporte-especial-de-pasajeros-y-turismo-debe-vivir-zona-norte-o-tener-moto-2/,2026-09-27T14:42:10.136129,https://co.computrabajo.com/empleos-en-bogota-dc,8
1b0bdd8d2ac0fae7,https://co.computrabajo.com/ofertas-de-trabajo/oferta-de-trabajo-de-coordinador-de-costos-de-medicamentos-bogota113979-en-bogota-dc-ADCB844C7EB9726A61373E686DCF3405,"Coordinador de costos de medicamentos (Bogotá,113979)",posted|wp_id=40199|https://colombia.mimusjobs.com/job/coordinador-de-costos-de-medicamentos-bogota113979-2/,2026-09-27T14:42:16.308296,https://co.computrabajo.com/empleos-en-bogota-dc,8
f9da5be6c682acec,https://co.computrabajo.com/ofertas-de-trabajo/oferta-de-trabajo-de-auxiliar-de-enfermeria-experiencia-urgencias-y-hospitalizacion-bogota-en-bogota-dc-928B0D0C18240CD261373E686DCF3405,Auxiliar de Enfermería (Experiencia Urgencias y Hospitalización) - Bogotá,posted|wp_id=40202|https://colombia.mimusjobs.com/job/auxiliar-de-enfermeria-experiencia-urgencias-y-hospitalizacion-bogota-2/,2026-09-27T14:42:22.877073,https://co.computrabajo.com/empleos-en-bogota-dc,8
ea583b68a84653a3,https://co.computrabajo.com/ofertas-de-trabajo/oferta-de-trabajo-de-tecnologo-financiero-y-contable-sector-farmaceutico-en-bogota-dc-F26F5E45C4190D4461373E686DCF3405,Tecnólogo Financiero y Contable - Sector Farmacéutico,posted|wp_id=40204|https://colombia.mimusjobs.com/job/tecnologo-financiero-y-contable-sector-farmaceutico-2/,2026-09-27T14:42:27.227319,https://co.computrabajo.com/empleos-en-bogota-dc,8
4a87feb8c2fcfffb,https://co.computrabajo.com/ofertas-de-trabajo/oferta-de-trabajo-de-porcionador-carnes-turnos-rotativos-en-bogota-dc-0C5B7820EF83835961373E686DCF3405,Porcionador Carnes - Turnos rotativos,posted|wp_id=16807|https://colombia.mimusjobs.com/job/porcionador-carnes-turnos-rotativos/,2026-09-27T14:42:30.240315,https://co.computrabajo.com/empleos-en-bogota-dc,8
ea774baf9fdaa66f,https://co.computrabajo.com/ofertas-de-trabajo/oferta-de-trabajo-de-medicoa-general-consulta-externa-bogota-sector-bosa-en-bogota-dc-52F6AEDE410C1D0561373E686DCF3405,Médico(a) General – Consulta Externa - Bogotá sector BOSA,posted|wp_id=40207|https://colombia.mimusjobs.com/job/medicoa-general-consulta-externa-bogota-sector-bosa-2/,2026-09-27T14:42:35.404250,https://co.computrabajo.com/empleos-en-bogota-dc,8
8b7c71b305bcc380,https://co.computrabajo.com/ofertas-de-trabajo/oferta-de-trabajo-de-auxiliar-de-cajas-por-la-temporada-con-o-sin-experiencia-en-bogota-dc-5C1A9EB227BA01E461373E686DCF3405,Auxiliar de cajas por la Temporada - con o sin experiencia,posted|wp_id=16957|https://colombia.mimusjobs.com/job/auxiliar-de-cajas-por-la-temporada-con-o-sin-experiencia/,2026-09-27T14:42:41.585069,https://co.computrabajo.com/empleos-en-bogota-dc,8
747bdee26935bcd0,https://co.computrabajo.com/ofertas-de-trabajo/oferta-de-trabajo-de-auxiliar-de-nomina-y-seguridad-social-en-bogota-dc-39D820018DA9CA9361373E686DCF3405,Auxiliar de nomina y seguridad social,posted|wp_id=17174|https://colombia.mimusjobs.com/job/auxiliar-de-nomina-y-seguridad-social/,2026-09-27T14:42:44.623262,https://co.computrabajo.com/empleos-en-bogota-dc,8
5fd49fcef69929a6,https://co.computrabajo.com/ofertas-de-trabajo/oferta-de-trabajo-de-profesional-de-control-y-gestion-sector-hidrocarburos-e-industrial-en-bogota-dc-A709210E6D826EA161373E686DCF3405,Profesional de Control Y Gestión - Sector Hidrocarburos e Industrial,posted|wp_id=40213|https://colombia.mimusjobs.com/job/profesional-de-control-y-gestion-sector-hidrocarburos-e-industrial-2/,2026-09-27T14:42:49.254691,https://co.computrabajo.com/empleos-en-bogota-dc,8
35304e011460fbe3,https://co.computrabajo.com/ofertas-de-trabajo/oferta-de-trabajo-de-tecnico-en-reparacion-de-audifonos-ortopedicos-en-bogota-dc-8D8EC28963362EB761373E686DCF3405,Técnico en reparación de audífonos ortopédicos,posted|wp_id=40217|https://colombia.mimusjobs.com/job/tecnico-en-reparacion-de-audifonos-ortopedicos-2/,2026-09-27T14:42:55.065977,https://co.computrabajo.com/empleos-en-bogota-dc,8
b6f80a559337f555,https://co.computrabajo.com/ofertas-de-trabajo/oferta-de-trabajo-de-operario-de-revision-y-remate-textil-en-bogota-dc-CDF17C9991875DD261373E686DCF3405,Operario de revision y remate - Textil,posted|wp_id=16934|https://colombia.mimusjobs.com/job/operario-de-revision-y-remate-textil/,2026-09-27T14:42:58.428727,https://co.computrabajo.com/empleos-en-bogota-dc,8
a187c750e0cc9ec6,https://co.computrabajo.com/ofertas-de-trabajo/oferta-de-trabajo-de-asesor-de-servicio-al-cliente-247-call-center-en-bogota-dc-212A053120FB2B9061373E686DCF3405,Asesor de Servicio al Cliente 24/7 - Call Center,posted|wp_id=16861|https://colombia.mimusjobs.com/job/asesor-de-servicio-al-cliente-24-7-call-center/,2026-09-27T14:43:01.240274,https://co.computrabajo.com/empleos-en-bogota-dc,8
7c0453b3abe0037c,https://co.computrabajo.com/ofertas-de-trabajo/oferta-de-trabajo-de-urgente-auxiliar-de-mantenimiento-certificado-conte-sirve-titulo-sena-con-poca-experiencia-bogota-urgente-auxiliar-de-mantenimiento-con-certificado-conte-te-sirve-titulo-sena-en-bogota-dc-E9923F2687AA1DD461373E686DCF3405,Urgente Auxiliar de Mantenimiento certificado Conte sirve titulo SENA con poca experiencia Bogota - Urgente Auxiliar de Mantenimiento con certificado Conte te sirve titulo SENA,posted|wp_id=40220|https://colombia.mimusjobs.com/job/urgente-auxiliar-de-mantenimiento-certificado-conte-sirve-titulo-sena-con-poca-experiencia-bogota-urgente-auxiliar-de-mantenimiento-con-certificado-conte-te-sirve-titulo-sena-2/,2026-09-27T14:43:06.281798,https://co.computrabajo.com/empleos-en-bogota-dc,8
568c527d70761c45,https://co.computrabajo.com/ofertas-de-trabajo/oferta-de-trabajo-de-oportunidad-auxiliares-de-almacen-madrid-cundinamarca-vivir-calle-80-suba-o-norte-de-bogota-con-o-sin-experiencia-en-bogota-dc-851D0C20EBB7ED1961373E686DCF3405,Oportunidad! Auxiliares de Almacén Madrid Cundinamarca vivir calle 80 suba o norte de Bogotá - Con o sin experiencia,posted|wp_id=40224|https://colombia.mimusjobs.com/job/oportunidad-auxiliares-de-almacen-madrid-cundinamarca-vivir-calle-80-suba-o-norte-de-bogota-con-o-sin-experiencia-2/,2026-09-27T14:43:11.499882,https://co.computrabajo.com/empleos-en-bogota-dc,8
b47309198f7dfdb7,https://co.computrabajo.com/ofertas-de-trabajo/oferta-de-trabajo-de-mecanico-integral-de-tractocamiones-bogota-en-bogota-dc-DBE323EF3DFF724761373E686DCF3405,Mecánico Integral de Tractocamiones - Bogotá,posted|wp_id=40227|https://colombia.mimusjobs.com/job/mecanico-integral-de-tractocamiones-bogota-2/,2026-09-27T14:43:18.464924,https://co.computrabajo.com/empleos-en-bogota-dc,8
d5bdf6e45a2896ad,https://co.computrabajo.com/ofertas-de-trabajo/oferta-de-trabajo-de-formadora-para-sector-hospitalario-en-bogota-dc-E249D2D7B8AF173B61373E686DCF3405,Formador/a para sector Hospitalario,posted|wp_id=17440|https://colombia.mimusjobs.com/job/formador-a-para-sector-hospitalario/,2026-09-27T14:43:21.111043,https://co.computrabajo.com/empleos-en-bogota-dc,8
2dc3d4fe96cf53ae,https://co.computrabajo.com/ofertas-de-trabajo/oferta-de-trabajo-de-bachiller-con-o-sin-experiencia-para-auxiliar-caja-surtido-empaque-temporada-bogota-zona-sur-en-bogota-dc-E1B3C98CCFBEE57B61373E686DCF3405,"Bachiller con o sin experiencia para auxiliar, caja, surtido, empaque Temporada Bogotá Zona Sur",posted|wp_id=40233|https://colombia.mimusjobs.com/job/bachiller-con-o-sin-experiencia-para-auxiliar-caja-surtido-empaque-temporada-bogota-zona-sur-3/,2026-09-27T14:43:29.083238,https://co.computrabajo.com/empleos-en-bogota-dc,8
7830b070325796b0,https://co.computrabajo.com/ofertas-de-trabajo/oferta-de-trabajo-de-especialista-de-control-comercial-e-inteligencia-de-negocio-cruz-verde-colombia-en-bogota-dc-7D751977658416A061373E686DCF3405,Especialista de Control Comercial e Inteligencia de Negocio - Cruz Verde Colombia,posted|wp_id=40235|https://colombia.mimusjobs.com/job/especialista-de-control-comercial-e-inteligencia-de-negocio-cruz-verde-colombia-2/,2026-09-27T14:43:36.513486,https://co.computrabajo.com/empleos-en-bogota-dc,8
a17f3b4d6a79f757,https://co.computrabajo.com/ofertas-de-trabajo/oferta-de-trabajo-de-asesor-comercial-ingles-servicios-nube-en-bogota-dc-BD0958B3EA61A42261373E686DCF3405,"Asesor Comercial Inglés, Servicios Nube",posted|wp_id=40238|https://colombia.mimusjobs.com/job/asesor-comercial-ingles-servicios-nube-2/,2026-09-27T14:43:42.259861,https://co.computrabajo.com/empleos-en-bogota-dc,8
6644dda9c90ac1f9,https://co.computrabajo.com/ofertas-de-trabajo/oferta-de-trabajo-de-terapeuta-respiratorio-domiciliario-en-bogota-dc-en-bogota-dc-BE865FCEF28F0CBB61373E686DCF3405,terapeuta respiratorio - Domiciliario en Bogota D.C,posted|wp_id=17170|https://colombia.mimusjobs.com/job/terapeuta-respiratorio-domiciliario-en-bogota-d-c/,2026-09-27T14:43:46.564372,https://co.computrabajo.com/empleos-en-bogota-dc,9
359478bc95a4e3c5,https://co.computrabajo.com/ofertas-de-trabajo/oferta-de-trabajo-de-tecnologo-electrico-electromecanico-o-de-mantenimiento-industrial-en-bogota-dc-86B1A451524E24AA61373E686DCF3405,Tecnologo electrico / electromecánico o de mantenimiento industrial,posted|wp_id=40242|https://colombia.mimusjobs.com/job/tecnologo-electrico-electromecanico-o-de-mantenimiento-industrial-2/,2026-09-27T14:43:54.530209,https://co.computrabajo.com/empleos-en-bogota-dc,9
5193b73d1cf6b01c,https://co.computrabajo.com/ofertas-de-trabajo/oferta-de-trabajo-de-analista-noc-hibrido-en-bogota-dc-D6328DE5EC48DC3E61373E686DCF3405,Analista NOC - Hibrido,posted|wp_id=16981|https://colombia.mimusjobs.com/job/analista-noc-hibrido/,2026-09-27T14:43:57.993412,https://co.computrabajo.com/empleos-en-bogota-dc,9
f29655ce7064a0c5,https://co.computrabajo.com/ofertas-de-trabajo/oferta-de-trabajo-de-merchandiser-canal-moderno-bogota-suba-occidente-en-bogota-dc-F986BB65EBAD913F61373E686DCF3405,Merchandiser Canal Moderno - Bogotá Suba occidente,posted|wp_id=40248|https://colombia.mimusjobs.com/job/merchandiser-canal-moderno-bogota-suba-occidente-2/,2026-09-27T14:44:12.622745,https://co.computrabajo.com/empleos-en-bogota-dc,9
901a81e53e78aba1,https://co.computrabajo.com/ofertas-de-trabajo/oferta-de-trabajo-de-analista-master-relaciones-laborales-en-bogota-dc-B36D979F85A708A661373E686DCF3405,Analista master relaciones laborales,posted|wp_id=16689|https://colombia.mimusjobs.com/job/analista-master-relaciones-laborales/,2026-09-27T14:44:16.647715,https://co.computrabajo.com/empleos-en-bogota-dc,9
a283522d424794be,https://co.computrabajo.com/ofertas-de-trabajo/oferta-de-trabajo-de-coordinador-de-logistica-y-planeacion-de-demanda-en-bogota-dc-A7857C2BB06E452561373E686DCF3405,Coordinador de Logística y Planeación de Demanda,posted|wp_id=40251|https://colombia.mimusjobs.com/job/coordinador-de-logistica-y-planeacion-de-demanda-2/,2026-09-27T14:44:22.553128,https://co.computrabajo.com/empleos-en-bogota-dc,9
61b281589dd5892f,https://co.computrabajo.com/ofertas-de-trabajo/oferta-de-trabajo-de-operarioa-de-maquina-plana-industrial-electronica-contratacion-inmediata-cota-funza-siberia-en-bogota-dc-25D59246415DD94861373E686DCF3405,"Operario(a) de Máquina Plana Industrial Electrónica contratación Inmediata - Cota, Funza, Siberia",posted|wp_id=40255|https://colombia.mimusjobs.com/job/operarioa-de-maquina-plana-industrial-electronica-contratacion-inmediata-cota-funza-siberia-2/,2026-09-27T14:44:28.157265,https://co.computrabajo.com/empleos-en-bogota-dc,300
6facb3ef1cbe5f8c,https://co.computrabajo.com/ofertas-de-trabajo/oferta-de-trabajo-de-meseroa-norte-bogota-en-bogota-dc-3AD96E16046DACC461373E686DCF3405,Mesero/a - Norte Bogotá,posted|wp_id=40257|https://colombia.mimusjobs.com/job/mesero-a-norte-bogota-2/,2026-09-27T14:44:34.402272,https://co.computrabajo.com/empleos-en-bogota-dc,9
c4566afaa1fad362,https://co.computrabajo.com/ofertas-de-trabajo/oferta-de-trabajo-de-auxiliar-de-aseoservicios-generales-norte-bogota-en-bogota-dc-490C04407850546961373E686DCF3405,auxiliar de aseo/servicios generales - norte bogota,posted|wp_id=17048|https://colombia.mimusjobs.com/job/auxiliar-de-aseo-servicios-generales-norte-bogota/,2026-09-27T14:44:37.556214,https://co.computrabajo.com/empleos-en-bogota-dc,300
afd16372f734a526,https://co.computrabajo.com/ofertas-de-trabajo/oferta-de-trabajo-de--auxiliar-administrativo-vacante-inclusiva-para-personas-con-discapacidad--en-bogota-dc-D2F60BBF494F83F961373E686DCF3405,Auxiliar administrativo Vacante inclusiva para personas con discapacidad,posted|wp_id=15927|https://colombia.mimusjobs.com/job/auxiliar-administrativo-vacante-inclusiva-para-personas-con-discapacidad/,2026-09-27T14:44:40.305921,https://co.computrabajo.com/empleos-en-bogota-dc,300
c4ecfe2f5af07f55,https://co.computrabajo.com/ofertas-de-trabajo/oferta-de-trabajo-de-administrador-de-punto-dispensacion-farmacia-chia-cundinamarca-en-bogota-dc-8A734E686894425A61373E686DCF3405,Administrador de punto dispensación (Farmacia) - Chia Cundinamarca,posted|wp_id=40259|https://colombia.mimusjobs.com/job/administrador-de-punto-dispensacion-farmacia-chia-cundinamarca-2/,2026-09-27T14:44:45.450846,https://co.computrabajo.com/empleos-en-bogota-dc,300
1340b4e9a55e39cb,https://co.computrabajo.com/ofertas-de-trabajo/oferta-de-trabajo-de-auxiliar-de-bodega-experiencia-en-transporte-de-carga-en-bogota-dc-A720CD7A59E47FA461373E686DCF3405,Auxiliar de Bodega - Experiencia en Transporte de Carga,posted|wp_id=16708|https://colombia.mimusjobs.com/job/auxiliar-de-bodega-experiencia-en-transporte-de-carga/,2026-09-27T14:44:48.799130,https://co.computrabajo.com/empleos-en-bogota-dc,300
8b1270e7de429c69,https://co.computrabajo.com/ofertas-de-trabajo/oferta-de-trabajo-de-conductores-c1-c2-c3-bogota-en-bogota-dc-73A587FB6C9D81C061373E686DCF3405,"Conductores C1, C2, C3 / Bogota",posted|wp_id=17025|https://colombia.mimusjobs.com/job/conductores-c1-c2-c3-bogota/,2026-09-27T14:44:51.922505,https://co.computrabajo.com/empleos-en-bogota-dc,9
af91753747b1657b,https://co.computrabajo.com/ofertas-de-trabajo/oferta-de-trabajo-de-conductores-de-minivan-para-la-ciudad-de-bogota-en-bogota-dc-8F8288192A89F59661373E686DCF3405,Conductores de minivan para la ciudad de Bogotá,posted|wp_id=40260|https://colombia.mimusjobs.com/job/conductores-de-minivan-para-la-ciudad-de-bogota-2/,2026-09-27T14:44:55.488468,https://co.computrabajo.com/empleos-en-bogota-dc,300
b037452bb8a07053,https://co.computrabajo.com/ofertas-de-trabajo/oferta-de-trabajo-de-agente-call-center-venta-de-medicamentos-en-bogota-dc-1F22B660BA75925E61373E686DCF3405,agente call center - venta de medicamentos,posted|wp_id=17212|https://colombia.mimusjobs.com/job/agente-call-center-venta-de-medicamentos/,2026-09-27T14:44:58.004767,https://co.computrabajo.com/empleos-en-bogota-dc,9
5f80054517cbd706,https://co.computrabajo.com/ofertas-de-trabajo/oferta-de-trabajo-de-asesor-comercial-principal-centro-de-experiencia-tecnologia-electrodomesticos-en-bogota-dc-17E37F689788719761373E686DCF3405,Asesor Comercial Principal/ Centro de Experiencia - Tecnologia / Electrodomesticos,posted|wp_id=40261|https://colombia.mimusjobs.com/job/asesor-comercial-principal-centro-de-experiencia-tecnologia-electrodomesticos-2/,2026-09-27T14:45:01.862240,https://co.computrabajo.com/empleos-en-bogota-dc,300
59eaf8aadd65b5e8,https://co.computrabajo.com/ofertas-de-trabajo/oferta-de-trabajo-de-ingeniero-de-modelacion-bim-parque-del-virrey-en-bogota-dc-9470D9FD81B1102261373E686DCF3405,Ingeniero de Modelación BIM / Parque del Virrey,posted|wp_id=40263|https://colombia.mimusjobs.com/job/ingeniero-de-modelacion-bim-parque-del-virrey-2/,2026-09-27T14:45:08.588761,https://co.computrabajo.com/empleos-en-bogota-dc,300
